Commodity_ID,Commodity_Name,Commodity_Group,Component_Type,Base_Unit,Currency,Source_Type,Year,Month,Month_Start,Cost_Index,Unit_Cost,MoM_Change_%,YoY_Change_%,Volatility_Score_6m,Notes
COM-001,Active Chemicals,Industrial Chemicals,Active Chemicals,lb,USD,Modeled Index,2023,1,2023-01-01,100.0,1.8,,,,
COM-001,Active Chemicals,Industrial Chemicals,Active Chemicals,lb,USD,Modeled Index,2023,2,2023-02-01,101.03,1.8186,0.01032,,,
COM-001,Active Chemicals,Industrial Chemicals,Active Chemicals,lb,USD,Modeled Index,2023,3,2023-03-01,101.07,1.8193,0.0004,,,
COM-001,Active Chemicals,Industrial Chemicals,Active Chemicals,lb,USD,Modeled Index,2023,4,2023-04-01,102.35,1.8424,0.01268,,,
COM-001,Active Chemicals,Industrial Chemicals,Active Chemicals,lb,USD,Modeled Index,2023,5,2023-05-01,105.05,1.8909,0.02636,,,
COM-001,Active Chemicals,Industrial Chemicals,Active Chemicals,lb,USD,Modeled Index,2023,6,2023-06-01,104.94,1.8888,-0.0011,,,
COM-001,Active Chemicals,Industrial Chemicals,Active Chemicals,lb,USD,Modeled Index,2023,7,2023-07-01,104.82,1.8868,-0.0011,,0.01084,
COM-001,Active Chemicals,Industrial Chemicals,Active Chemicals,lb,USD,Modeled Index,2023,8,2023-08-01,107.67,1.9381,0.02723,,0.01347,
COM-001,Active Chemicals,Industrial Chemicals,Active Chemicals,lb,USD,Modeled Index,2023,9,2023-09-01,109.24,1.9663,0.01455,,0.0125,
COM-001,Active Chemicals,Industrial Chemicals,Active Chemicals,lb,USD,Modeled Index,2023,10,2023-10-01,108.72,1.9569,-0.00478,,0.01449,
COM-001,Active Chemicals,Industrial Chemicals,Active Chemicals,lb,USD,Modeled Index,2023,11,2023-11-01,109.92,1.9785,0.01104,,0.01225,
COM-001,Active Chemicals,Industrial Chemicals,Active Chemicals,lb,USD,Modeled Index,2023,12,2023-12-01,109.4,1.9693,-0.00468,,0.01283,
COM-001,Active Chemicals,Industrial Chemicals,Active Chemicals,lb,USD,Modeled Index,2024,1,2024-01-01,108.89,1.96,-0.00472,0.08888,0.01337,
COM-001,Active Chemicals,Industrial Chemicals,Active Chemicals,lb,USD,Modeled Index,2024,2,2024-02-01,109.58,1.9724,0.00634,0.08459,0.00881,
COM-001,Active Chemicals,Industrial Chemicals,Active Chemicals,lb,USD,Modeled Index,2024,3,2024-03-01,106.58,1.9185,-0.02734,0.05452,0.01326,
COM-001,Active Chemicals,Industrial Chemicals,Active Chemicals,lb,USD,Modeled Index,2024,4,2024-04-01,103.98,1.8717,-0.02439,0.01591,0.01568,
COM-001,Active Chemicals,Industrial Chemicals,Active Chemicals,lb,USD,Modeled Index,2024,5,2024-05-01,103.33,1.86,-0.00623,-0.01634,0.013,
COM-001,Active Chemicals,Industrial Chemicals,Active Chemicals,lb,USD,Modeled Index,2024,6,2024-06-01,101.96,1.8353,-0.01327,-0.02832,0.01274,
COM-001,Active Chemicals,Industrial Chemicals,Active Chemicals,lb,USD,Modeled Index,2024,7,2024-07-01,102.72,1.849,0.00747,-0.01999,0.01486,
COM-001,Active Chemicals,Industrial Chemicals,Active Chemicals,lb,USD,Modeled Index,2024,8,2024-08-01,101.53,1.8275,-0.01163,-0.05706,0.01266,
COM-001,Active Chemicals,Industrial Chemicals,Active Chemicals,lb,USD,Modeled Index,2024,9,2024-09-01,99.55,1.7919,-0.01951,-0.08872,0.01114,
COM-001,Active Chemicals,Industrial Chemicals,Active Chemicals,lb,USD,Modeled Index,2024,10,2024-10-01,102.08,1.8375,0.02546,-0.06103,0.01663,
COM-001,Active Chemicals,Industrial Chemicals,Active Chemicals,lb,USD,Modeled Index,2024,11,2024-11-01,101.98,1.8357,-0.00097,-0.07218,0.01656,
COM-001,Active Chemicals,Industrial Chemicals,Active Chemicals,lb,USD,Modeled Index,2024,12,2024-12-01,102.35,1.8424,0.00361,-0.06445,0.01569,
COM-001,Active Chemicals,Industrial Chemicals,Active Chemicals,lb,USD,Modeled Index,2025,1,2025-01-01,100.34,1.8061,-0.0197,-0.07853,0.01721,
COM-001,Active Chemicals,Industrial Chemicals,Active Chemicals,lb,USD,Modeled Index,2025,2,2025-02-01,99.74,1.7953,-0.00595,-0.08978,0.01684,
COM-001,Active Chemicals,Industrial Chemicals,Active Chemicals,lb,USD,Modeled Index,2025,3,2025-03-01,100.17,1.803,0.00429,-0.06019,0.01481,
COM-001,Active Chemicals,Industrial Chemicals,Active Chemicals,lb,USD,Modeled Index,2025,4,2025-04-01,98.62,1.7752,-0.01543,-0.05155,0.01,
COM-001,Active Chemicals,Industrial Chemicals,Active Chemicals,lb,USD,Modeled Index,2025,5,2025-05-01,99.45,1.7902,0.00843,-0.03756,0.01151,
COM-001,Active Chemicals,Industrial Chemicals,Active Chemicals,lb,USD,Modeled Index,2025,6,2025-06-01,98.77,1.7779,-0.00683,-0.03128,0.01087,
COM-001,Active Chemicals,Industrial Chemicals,Active Chemicals,lb,USD,Modeled Index,2025,7,2025-07-01,98.58,1.7744,-0.002,-0.04038,0.00851,
COM-001,Active Chemicals,Industrial Chemicals,Active Chemicals,lb,USD,Modeled Index,2025,8,2025-08-01,97.9,1.7622,-0.00684,-0.03573,0.00859,
COM-001,Active Chemicals,Industrial Chemicals,Active Chemicals,lb,USD,Modeled Index,2025,9,2025-09-01,100.99,1.8178,0.0315,0.01443,0.01665,
COM-001,Active Chemicals,Industrial Chemicals,Active Chemicals,lb,USD,Modeled Index,2025,10,2025-10-01,101.22,1.822,0.00235,-0.00843,0.01448,
COM-001,Active Chemicals,Industrial Chemicals,Active Chemicals,lb,USD,Modeled Index,2025,11,2025-11-01,99.81,1.7966,-0.01397,-0.02133,0.01605,
COM-001,Active Chemicals,Industrial Chemicals,Active Chemicals,lb,USD,Modeled Index,2025,12,2025-12-01,101.35,1.8243,0.01541,-0.00983,0.01652,
COM-002,Co-manufacturing,Conversion,Co-manufacturing,labor hour,USD,Modeled Index,2023,1,2023-01-01,100.0,20.0,,,,
COM-002,Co-manufacturing,Conversion,Co-manufacturing,labor hour,USD,Modeled Index,2023,2,2023-02-01,99.48,19.8952,-0.00524,,,
COM-002,Co-manufacturing,Conversion,Co-manufacturing,labor hour,USD,Modeled Index,2023,3,2023-03-01,99.78,19.9556,0.00303,,,
COM-002,Co-manufacturing,Conversion,Co-manufacturing,labor hour,USD,Modeled Index,2023,4,2023-04-01,98.83,19.7657,-0.00951,,,
COM-002,Co-manufacturing,Conversion,Co-manufacturing,labor hour,USD,Modeled Index,2023,5,2023-05-01,98.25,19.6499,-0.00586,,,
COM-002,Co-manufacturing,Conversion,Co-manufacturing,labor hour,USD,Modeled Index,2023,6,2023-06-01,98.54,19.7082,0.00296,,,
COM-002,Co-manufacturing,Conversion,Co-manufacturing,labor hour,USD,Modeled Index,2023,7,2023-07-01,99.14,19.8284,0.0061,,0.00625,
COM-002,Co-manufacturing,Conversion,Co-manufacturing,labor hour,USD,Modeled Index,2023,8,2023-08-01,99.42,19.8842,0.00282,,0.00613,
COM-002,Co-manufacturing,Conversion,Co-manufacturing,labor hour,USD,Modeled Index,2023,9,2023-09-01,99.54,19.9072,0.00116,,0.00599,
COM-002,Co-manufacturing,Conversion,Co-manufacturing,labor hour,USD,Modeled Index,2023,10,2023-10-01,99.54,19.9088,8e-05,,0.00402,
COM-002,Co-manufacturing,Conversion,Co-manufacturing,labor hour,USD,Modeled Index,2023,11,2023-11-01,98.87,19.7749,-0.00673,,0.00433,
COM-002,Co-manufacturing,Conversion,Co-manufacturing,labor hour,USD,Modeled Index,2023,12,2023-12-01,98.64,19.7286,-0.00234,,0.0044,
COM-002,Co-manufacturing,Conversion,Co-manufacturing,labor hour,USD,Modeled Index,2024,1,2024-01-01,98.56,19.712,-0.00084,-0.0144,0.00332,
COM-002,Co-manufacturing,Conversion,Co-manufacturing,labor hour,USD,Modeled Index,2024,2,2024-02-01,99.34,19.8686,0.00794,-0.00134,0.00481,
COM-002,Co-manufacturing,Conversion,Co-manufacturing,labor hour,USD,Modeled Index,2024,3,2024-03-01,99.72,19.9443,0.00381,-0.00056,0.00507,
COM-002,Co-manufacturing,Conversion,Co-manufacturing,labor hour,USD,Modeled Index,2024,4,2024-04-01,98.89,19.7773,-0.00838,0.00058,0.0062,
COM-002,Co-manufacturing,Conversion,Co-manufacturing,labor hour,USD,Modeled Index,2024,5,2024-05-01,99.25,19.8505,0.0037,0.01021,0.00575,
COM-002,Co-manufacturing,Conversion,Co-manufacturing,labor hour,USD,Modeled Index,2024,6,2024-06-01,99.21,19.8425,-0.0004,0.00681,0.0056,
COM-002,Co-manufacturing,Conversion,Co-manufacturing,labor hour,USD,Modeled Index,2024,7,2024-07-01,99.0,19.801,-0.00209,-0.00138,0.0057,
COM-002,Co-manufacturing,Conversion,Co-manufacturing,labor hour,USD,Modeled Index,2024,8,2024-08-01,99.54,19.9072,0.00536,0.00116,0.00512,
COM-002,Co-manufacturing,Conversion,Co-manufacturing,labor hour,USD,Modeled Index,2024,9,2024-09-01,100.31,20.0623,0.00779,0.00779,0.00586,
COM-002,Co-manufacturing,Conversion,Co-manufacturing,labor hour,USD,Modeled Index,2024,10,2024-10-01,101.03,20.207,0.00721,0.01498,0.00405,
COM-002,Co-manufacturing,Conversion,Co-manufacturing,labor hour,USD,Modeled Index,2024,11,2024-11-01,100.73,20.1457,-0.00303,0.01875,0.00487,
COM-002,Co-manufacturing,Conversion,Co-manufacturing,labor hour,USD,Modeled Index,2024,12,2024-12-01,100.73,20.1465,4e-05,0.02118,0.00482,
COM-002,Co-manufacturing,Conversion,Co-manufacturing,labor hour,USD,Modeled Index,2025,1,2025-01-01,101.11,20.2219,0.00374,0.02586,0.00425,
COM-002,Co-manufacturing,Conversion,Co-manufacturing,labor hour,USD,Modeled Index,2025,2,2025-02-01,101.86,20.3729,0.00747,0.02538,0.00451,
COM-002,Co-manufacturing,Conversion,Co-manufacturing,labor hour,USD,Modeled Index,2025,3,2025-03-01,101.77,20.3536,-0.00095,0.02052,0.0044,
COM-002,Co-manufacturing,Conversion,Co-manufacturing,labor hour,USD,Modeled Index,2025,4,2025-04-01,101.84,20.3689,0.00075,0.02991,0.00373,
COM-002,Co-manufacturing,Conversion,Co-manufacturing,labor hour,USD,Modeled Index,2025,5,2025-05-01,101.38,20.2757,-0.00458,0.02142,0.00413,
COM-002,Co-manufacturing,Conversion,Co-manufacturing,labor hour,USD,Modeled Index,2025,6,2025-06-01,100.86,20.1724,-0.0051,0.01663,0.00486,
COM-002,Co-manufacturing,Conversion,Co-manufacturing,labor hour,USD,Modeled Index,2025,7,2025-07-01,101.52,20.304,0.00653,0.0254,0.00536,
COM-002,Co-manufacturing,Conversion,Co-manufacturing,labor hour,USD,Modeled Index,2025,8,2025-08-01,102.5,20.5004,0.00967,0.0298,0.00596,
COM-002,Co-manufacturing,Conversion,Co-manufacturing,labor hour,USD,Modeled Index,2025,9,2025-09-01,102.65,20.5293,0.00141,0.02328,0.00588,
COM-002,Co-manufacturing,Conversion,Co-manufacturing,labor hour,USD,Modeled Index,2025,10,2025-10-01,103.43,20.6859,0.00763,0.0237,0.00637,
COM-002,Co-manufacturing,Conversion,Co-manufacturing,labor hour,USD,Modeled Index,2025,11,2025-11-01,103.83,20.767,0.00392,0.03084,0.00531,
COM-002,Co-manufacturing,Conversion,Co-manufacturing,labor hour,USD,Modeled Index,2025,12,2025-12-01,103.64,20.7273,-0.00191,0.02883,0.00428,
COM-003,Fragrance,Petrochemical,Fragrance,lb,USD,Modeled Index,2023,1,2023-01-01,100.0,3.5,,,,
COM-003,Fragrance,Petrochemical,Fragrance,lb,USD,Modeled Index,2023,2,2023-02-01,100.66,3.5231,0.00661,,,
COM-003,Fragrance,Petrochemical,Fragrance,lb,USD,Modeled Index,2023,3,2023-03-01,102.44,3.5855,0.01769,,,
COM-003,Fragrance,Petrochemical,Fragrance,lb,USD,Modeled Index,2023,4,2023-04-01,102.74,3.5958,0.00287,,,
COM-003,Fragrance,Petrochemical,Fragrance,lb,USD,Modeled Index,2023,5,2023-05-01,104.58,3.6603,0.01794,,,
COM-003,Fragrance,Petrochemical,Fragrance,lb,USD,Modeled Index,2023,6,2023-06-01,102.34,3.5817,-0.02145,,,
COM-003,Fragrance,Petrochemical,Fragrance,lb,USD,Modeled Index,2023,7,2023-07-01,103.46,3.6209,0.01095,,0.01461,
COM-003,Fragrance,Petrochemical,Fragrance,lb,USD,Modeled Index,2023,8,2023-08-01,103.87,3.6355,0.00403,,0.01462,
COM-003,Fragrance,Petrochemical,Fragrance,lb,USD,Modeled Index,2023,9,2023-09-01,103.91,3.637,0.00039,,0.01334,
COM-003,Fragrance,Petrochemical,Fragrance,lb,USD,Modeled Index,2023,10,2023-10-01,104.34,3.6518,0.00407,,0.01336,
COM-003,Fragrance,Petrochemical,Fragrance,lb,USD,Modeled Index,2023,11,2023-11-01,102.72,3.5952,-0.0155,,0.01267,
COM-003,Fragrance,Petrochemical,Fragrance,lb,USD,Modeled Index,2023,12,2023-12-01,102.84,3.5993,0.00114,,0.00883,
COM-003,Fragrance,Petrochemical,Fragrance,lb,USD,Modeled Index,2024,1,2024-01-01,103.51,3.6229,0.00657,0.03512,0.00797,
COM-003,Fragrance,Petrochemical,Fragrance,lb,USD,Modeled Index,2024,2,2024-02-01,105.28,3.685,0.01712,0.04593,0.01061,
COM-003,Fragrance,Petrochemical,Fragrance,lb,USD,Modeled Index,2024,3,2024-03-01,105.11,3.6788,-0.00167,0.02604,0.01072,
COM-003,Fragrance,Petrochemical,Fragrance,lb,USD,Modeled Index,2024,4,2024-04-01,104.65,3.6626,-0.0044,0.0186,0.01094,
COM-003,Fragrance,Petrochemical,Fragrance,lb,USD,Modeled Index,2024,5,2024-05-01,104.49,3.6571,-0.00151,-0.00087,0.00791,
COM-003,Fragrance,Petrochemical,Fragrance,lb,USD,Modeled Index,2024,6,2024-06-01,105.72,3.7003,0.01183,0.03311,0.00861,
COM-003,Fragrance,Petrochemical,Fragrance,lb,USD,Modeled Index,2024,7,2024-07-01,106.39,3.7237,0.0063,0.02836,0.0086,
COM-003,Fragrance,Petrochemical,Fragrance,lb,USD,Modeled Index,2024,8,2024-08-01,106.2,3.717,-0.00178,0.02242,0.00624,
COM-003,Fragrance,Petrochemical,Fragrance,lb,USD,Modeled Index,2024,9,2024-09-01,107.05,3.7469,0.00804,0.03023,0.00651,
COM-003,Fragrance,Petrochemical,Fragrance,lb,USD,Modeled Index,2024,10,2024-10-01,107.5,3.7624,0.00412,0.03028,0.00539,
COM-003,Fragrance,Petrochemical,Fragrance,lb,USD,Modeled Index,2024,11,2024-11-01,108.82,3.8088,0.01233,0.05941,0.00526,
COM-003,Fragrance,Petrochemical,Fragrance,lb,USD,Modeled Index,2024,12,2024-12-01,108.45,3.7958,-0.0034,0.0546,0.00598,
COM-003,Fragrance,Petrochemical,Fragrance,lb,USD,Modeled Index,2025,1,2025-01-01,108.47,3.7963,0.00012,0.04785,0.00609,
COM-003,Fragrance,Petrochemical,Fragrance,lb,USD,Modeled Index,2025,2,2025-02-01,108.41,3.7945,-0.00048,0.02971,0.0059,
COM-003,Fragrance,Petrochemical,Fragrance,lb,USD,Modeled Index,2025,3,2025-03-01,107.27,3.7544,-0.01057,0.02053,0.00764,
COM-003,Fragrance,Petrochemical,Fragrance,lb,USD,Modeled Index,2025,4,2025-04-01,107.91,3.7769,0.006,0.03119,0.00786,
COM-003,Fragrance,Petrochemical,Fragrance,lb,USD,Modeled Index,2025,5,2025-05-01,108.52,3.7983,0.00567,0.03861,0.00617,
COM-003,Fragrance,Petrochemical,Fragrance,lb,USD,Modeled Index,2025,6,2025-06-01,108.88,3.8106,0.00326,0.02981,0.00613,
COM-003,Fragrance,Petrochemical,Fragrance,lb,USD,Modeled Index,2025,7,2025-07-01,108.98,3.8145,0.001,0.02439,0.00613,
COM-003,Fragrance,Petrochemical,Fragrance,lb,USD,Modeled Index,2025,8,2025-08-01,107.88,3.7759,-0.01011,0.01583,0.00761,
COM-003,Fragrance,Petrochemical,Fragrance,lb,USD,Modeled Index,2025,9,2025-09-01,107.8,3.773,-0.00075,0.00697,0.00597,
COM-003,Fragrance,Petrochemical,Fragrance,lb,USD,Modeled Index,2025,10,2025-10-01,107.8,3.773,-2e-05,0.00282,0.00541,
COM-003,Fragrance,Petrochemical,Fragrance,lb,USD,Modeled Index,2025,11,2025-11-01,107.33,3.7566,-0.00434,-0.01369,0.00476,
COM-003,Fragrance,Petrochemical,Fragrance,lb,USD,Modeled Index,2025,12,2025-12-01,107.51,3.7629,0.00169,-0.00866,0.00446,
COM-004,Freight,Logistics,Freight,shipment,USD,Modeled Index,2023,1,2023-01-01,100.0,18.0,,,,
COM-004,Freight,Logistics,Freight,shipment,USD,Modeled Index,2023,2,2023-02-01,100.85,18.1531,0.00851,,,
COM-004,Freight,Logistics,Freight,shipment,USD,Modeled Index,2023,3,2023-03-01,104.48,18.8059,0.03596,,,
COM-004,Freight,Logistics,Freight,shipment,USD,Modeled Index,2023,4,2023-04-01,105.16,18.9294,0.00657,,,
COM-004,Freight,Logistics,Freight,shipment,USD,Modeled Index,2023,5,2023-05-01,106.0,19.0807,0.00799,,,
COM-004,Freight,Logistics,Freight,shipment,USD,Modeled Index,2023,6,2023-06-01,106.25,19.1244,0.00229,,,
COM-004,Freight,Logistics,Freight,shipment,USD,Modeled Index,2023,7,2023-07-01,103.12,18.5625,-0.02938,,0.02084,
COM-004,Freight,Logistics,Freight,shipment,USD,Modeled Index,2023,8,2023-08-01,103.45,18.6203,0.00311,,0.02079,
COM-004,Freight,Logistics,Freight,shipment,USD,Modeled Index,2023,9,2023-09-01,103.92,18.706,0.0046,,0.01416,
COM-004,Freight,Logistics,Freight,shipment,USD,Modeled Index,2023,10,2023-10-01,109.1,19.6389,0.04987,,0.02531,
COM-004,Freight,Logistics,Freight,shipment,USD,Modeled Index,2023,11,2023-11-01,109.57,19.7226,0.00427,,0.02531,
COM-004,Freight,Logistics,Freight,shipment,USD,Modeled Index,2023,12,2023-12-01,110.97,19.974,0.01275,,0.02538,
COM-004,Freight,Logistics,Freight,shipment,USD,Modeled Index,2024,1,2024-01-01,111.07,19.9935,0.00097,0.11075,0.0187,
COM-004,Freight,Logistics,Freight,shipment,USD,Modeled Index,2024,2,2024-02-01,109.02,19.6236,-0.0185,0.081,0.02257,
COM-004,Freight,Logistics,Freight,shipment,USD,Modeled Index,2024,3,2024-03-01,111.55,20.0787,0.02319,0.06768,0.02312,
COM-004,Freight,Logistics,Freight,shipment,USD,Modeled Index,2024,4,2024-04-01,113.39,20.4097,0.01648,0.0782,0.01468,
COM-004,Freight,Logistics,Freight,shipment,USD,Modeled Index,2024,5,2024-05-01,115.33,20.7598,0.01715,0.088,0.01522,
COM-004,Freight,Logistics,Freight,shipment,USD,Modeled Index,2024,6,2024-06-01,113.94,20.5096,-0.01205,0.07243,0.01714,
COM-004,Freight,Logistics,Freight,shipment,USD,Modeled Index,2024,7,2024-07-01,117.09,21.0769,0.02766,0.13546,0.01935,
COM-004,Freight,Logistics,Freight,shipment,USD,Modeled Index,2024,8,2024-08-01,114.69,20.6447,-0.02051,0.10872,0.01993,
COM-004,Freight,Logistics,Freight,shipment,USD,Modeled Index,2024,9,2024-09-01,116.26,20.9265,0.01365,0.1187,0.01889,
COM-004,Freight,Logistics,Freight,shipment,USD,Modeled Index,2024,10,2024-10-01,121.51,21.8721,0.04519,0.11371,0.02454,
COM-004,Freight,Logistics,Freight,shipment,USD,Modeled Index,2024,11,2024-11-01,120.36,21.6655,-0.00944,0.09851,0.02576,
COM-004,Freight,Logistics,Freight,shipment,USD,Modeled Index,2024,12,2024-12-01,120.1,21.6188,-0.00216,0.08235,0.02455,
COM-004,Freight,Logistics,Freight,shipment,USD,Modeled Index,2025,1,2025-01-01,120.5,21.6897,0.00328,0.08484,0.02282,
COM-004,Freight,Logistics,Freight,shipment,USD,Modeled Index,2025,2,2025-02-01,119.65,21.5362,-0.00708,0.09747,0.02034,
COM-004,Freight,Logistics,Freight,shipment,USD,Modeled Index,2025,3,2025-03-01,116.89,21.0396,-0.02306,0.04785,0.02333,
COM-004,Freight,Logistics,Freight,shipment,USD,Modeled Index,2025,4,2025-04-01,117.44,21.1394,0.00475,0.03575,0.01019,
COM-004,Freight,Logistics,Freight,shipment,USD,Modeled Index,2025,5,2025-05-01,115.72,20.8292,-0.01467,0.00334,0.01079,
COM-004,Freight,Logistics,Freight,shipment,USD,Modeled Index,2025,6,2025-06-01,117.07,21.0729,0.0117,0.02747,0.01313,
COM-004,Freight,Logistics,Freight,shipment,USD,Modeled Index,2025,7,2025-07-01,115.64,20.8154,-0.01222,-0.01241,0.0129,
COM-004,Freight,Logistics,Freight,shipment,USD,Modeled Index,2025,8,2025-08-01,119.13,21.4437,0.03019,0.0387,0.01983,
COM-004,Freight,Logistics,Freight,shipment,USD,Modeled Index,2025,9,2025-09-01,117.95,21.2318,-0.00988,0.01459,0.01742,
COM-004,Freight,Logistics,Freight,shipment,USD,Modeled Index,2025,10,2025-10-01,118.19,21.2751,0.00204,-0.02729,0.01736,
COM-004,Freight,Logistics,Freight,shipment,USD,Modeled Index,2025,11,2025-11-01,120.74,21.7334,0.02154,0.00313,0.01703,
COM-004,Freight,Logistics,Freight,shipment,USD,Modeled Index,2025,12,2025-12-01,119.1,21.4384,-0.01357,-0.00834,0.01874,
COM-005,Ingredients,Agri & Inputs,Ingredients,lb,USD,Modeled Index,2023,1,2023-01-01,100.0,1.2,,,,
COM-005,Ingredients,Agri & Inputs,Ingredients,lb,USD,Modeled Index,2023,2,2023-02-01,100.46,1.2055,0.00459,,,
COM-005,Ingredients,Agri & Inputs,Ingredients,lb,USD,Modeled Index,2023,3,2023-03-01,101.83,1.2219,0.01361,,,
COM-005,Ingredients,Agri & Inputs,Ingredients,lb,USD,Modeled Index,2023,4,2023-04-01,100.73,1.2088,-0.01075,,,
COM-005,Ingredients,Agri & Inputs,Ingredients,lb,USD,Modeled Index,2023,5,2023-05-01,101.16,1.2139,0.00423,,,
COM-005,Ingredients,Agri & Inputs,Ingredients,lb,USD,Modeled Index,2023,6,2023-06-01,101.65,1.2198,0.00486,,,
COM-005,Ingredients,Agri & Inputs,Ingredients,lb,USD,Modeled Index,2023,7,2023-07-01,102.59,1.231,0.00922,,0.00822,
COM-005,Ingredients,Agri & Inputs,Ingredients,lb,USD,Modeled Index,2023,8,2023-08-01,102.11,1.2253,-0.00465,,0.00898,
COM-005,Ingredients,Agri & Inputs,Ingredients,lb,USD,Modeled Index,2023,9,2023-09-01,101.56,1.2188,-0.00535,,0.00763,
COM-005,Ingredients,Agri & Inputs,Ingredients,lb,USD,Modeled Index,2023,10,2023-10-01,102.28,1.2274,0.00705,,0.00612,
COM-005,Ingredients,Agri & Inputs,Ingredients,lb,USD,Modeled Index,2023,11,2023-11-01,102.81,1.2337,0.00517,,0.00618,
COM-005,Ingredients,Agri & Inputs,Ingredients,lb,USD,Modeled Index,2023,12,2023-12-01,103.3,1.2396,0.00478,,0.00618,
COM-005,Ingredients,Agri & Inputs,Ingredients,lb,USD,Modeled Index,2024,1,2024-01-01,103.88,1.2465,0.00558,0.03877,0.00555,
COM-005,Ingredients,Agri & Inputs,Ingredients,lb,USD,Modeled Index,2024,2,2024-02-01,103.57,1.2428,-0.003,0.03093,0.00518,
COM-005,Ingredients,Agri & Inputs,Ingredients,lb,USD,Modeled Index,2024,3,2024-03-01,104.05,1.2485,0.00463,0.02179,0.00355,
COM-005,Ingredients,Agri & Inputs,Ingredients,lb,USD,Modeled Index,2024,4,2024-04-01,104.58,1.255,0.00514,0.0382,0.00331,
COM-005,Ingredients,Agri & Inputs,Ingredients,lb,USD,Modeled Index,2024,5,2024-05-01,104.24,1.2508,-0.00328,0.03043,0.00423,
COM-005,Ingredients,Agri & Inputs,Ingredients,lb,USD,Modeled Index,2024,6,2024-06-01,106.14,1.2737,0.01828,0.04419,0.00785,
COM-005,Ingredients,Agri & Inputs,Ingredients,lb,USD,Modeled Index,2024,7,2024-07-01,106.85,1.2822,0.00665,0.04153,0.00789,
COM-005,Ingredients,Agri & Inputs,Ingredients,lb,USD,Modeled Index,2024,8,2024-08-01,106.39,1.2767,-0.00427,0.04193,0.00815,
COM-005,Ingredients,Agri & Inputs,Ingredients,lb,USD,Modeled Index,2024,9,2024-09-01,107.58,1.291,0.01117,0.05924,0.0086,
COM-005,Ingredients,Agri & Inputs,Ingredients,lb,USD,Modeled Index,2024,10,2024-10-01,106.99,1.2839,-0.00546,0.04608,0.00973,
COM-005,Ingredients,Agri & Inputs,Ingredients,lb,USD,Modeled Index,2024,11,2024-11-01,107.98,1.2958,0.00927,0.05034,0.00922,
COM-005,Ingredients,Agri & Inputs,Ingredients,lb,USD,Modeled Index,2024,12,2024-12-01,109.32,1.3118,0.01237,0.05828,0.00786,
COM-005,Ingredients,Agri & Inputs,Ingredients,lb,USD,Modeled Index,2025,1,2025-01-01,108.86,1.3064,-0.00417,0.04801,0.0086,
COM-005,Ingredients,Agri & Inputs,Ingredients,lb,USD,Modeled Index,2025,2,2025-02-01,110.03,1.3204,0.01074,0.06245,0.00818,
COM-005,Ingredients,Agri & Inputs,Ingredients,lb,USD,Modeled Index,2025,3,2025-03-01,110.71,1.3285,0.00614,0.06405,0.00775,
COM-005,Ingredients,Agri & Inputs,Ingredients,lb,USD,Modeled Index,2025,4,2025-04-01,111.77,1.3412,0.00956,0.06873,0.00599,
COM-005,Ingredients,Agri & Inputs,Ingredients,lb,USD,Modeled Index,2025,5,2025-05-01,113.84,1.3661,0.01854,0.09213,0.00758,
COM-005,Ingredients,Agri & Inputs,Ingredients,lb,USD,Modeled Index,2025,6,2025-06-01,113.91,1.3669,0.00064,0.0732,0.008,
COM-005,Ingredients,Agri & Inputs,Ingredients,lb,USD,Modeled Index,2025,7,2025-07-01,113.5,1.362,-0.00361,0.06226,0.00784,
COM-005,Ingredients,Agri & Inputs,Ingredients,lb,USD,Modeled Index,2025,8,2025-08-01,113.3,1.3596,-0.00175,0.06495,0.0083,
COM-005,Ingredients,Agri & Inputs,Ingredients,lb,USD,Modeled Index,2025,9,2025-09-01,113.17,1.3581,-0.00113,0.05199,0.00861,
COM-005,Ingredients,Agri & Inputs,Ingredients,lb,USD,Modeled Index,2025,10,2025-10-01,113.41,1.3609,0.00204,0.05993,0.00812,
COM-005,Ingredients,Agri & Inputs,Ingredients,lb,USD,Modeled Index,2025,11,2025-11-01,114.03,1.3684,0.00554,0.05602,0.00323,
COM-005,Ingredients,Agri & Inputs,Ingredients,lb,USD,Modeled Index,2025,12,2025-12-01,114.6,1.3752,0.005,0.04833,0.00377,
COM-006,Labor,Conversion,Labor,labor hour,USD,Modeled Index,2023,1,2023-01-01,100.0,24.0,,,,
COM-006,Labor,Conversion,Labor,labor hour,USD,Modeled Index,2023,2,2023-02-01,100.83,24.1994,0.00831,,,
COM-006,Labor,Conversion,Labor,labor hour,USD,Modeled Index,2023,3,2023-03-01,101.01,24.242,0.00176,,,
COM-006,Labor,Conversion,Labor,labor hour,USD,Modeled Index,2023,4,2023-04-01,102.36,24.5656,0.01335,,,
COM-006,Labor,Conversion,Labor,labor hour,USD,Modeled Index,2023,5,2023-05-01,102.31,24.5539,-0.00047,,,
COM-006,Labor,Conversion,Labor,labor hour,USD,Modeled Index,2023,6,2023-06-01,104.72,25.1318,0.02353,,,
COM-006,Labor,Conversion,Labor,labor hour,USD,Modeled Index,2023,7,2023-07-01,105.42,25.2999,0.00669,,0.00869,
COM-006,Labor,Conversion,Labor,labor hour,USD,Modeled Index,2023,8,2023-08-01,104.86,25.1674,-0.00524,,0.01045,
COM-006,Labor,Conversion,Labor,labor hour,USD,Modeled Index,2023,9,2023-09-01,104.13,24.9923,-0.00696,,0.01178,
COM-006,Labor,Conversion,Labor,labor hour,USD,Modeled Index,2023,10,2023-10-01,104.71,25.1306,0.00554,,0.0111,
COM-006,Labor,Conversion,Labor,labor hour,USD,Modeled Index,2023,11,2023-11-01,104.7,25.1271,-0.00014,,0.01108,
COM-006,Labor,Conversion,Labor,labor hour,USD,Modeled Index,2023,12,2023-12-01,105.47,25.313,0.0074,,0.00628,
COM-006,Labor,Conversion,Labor,labor hour,USD,Modeled Index,2024,1,2024-01-01,106.05,25.4512,0.00546,0.06047,0.00608,
COM-006,Labor,Conversion,Labor,labor hour,USD,Modeled Index,2024,2,2024-02-01,106.16,25.4785,0.00107,0.05286,0.00528,
COM-006,Labor,Conversion,Labor,labor hour,USD,Modeled Index,2024,3,2024-03-01,105.61,25.3471,-0.00515,0.04559,0.00468,
COM-006,Labor,Conversion,Labor,labor hour,USD,Modeled Index,2024,4,2024-04-01,104.5,25.0803,-0.01053,0.02095,0.00667,
COM-006,Labor,Conversion,Labor,labor hour,USD,Modeled Index,2024,5,2024-05-01,104.3,25.0318,-0.00194,0.01946,0.0067,
COM-006,Labor,Conversion,Labor,labor hour,USD,Modeled Index,2024,6,2024-06-01,105.19,25.2456,0.00854,0.00453,0.00699,
COM-006,Labor,Conversion,Labor,labor hour,USD,Modeled Index,2024,7,2024-07-01,105.55,25.3309,0.00338,0.00123,0.00668,
COM-006,Labor,Conversion,Labor,labor hour,USD,Modeled Index,2024,8,2024-08-01,104.66,25.119,-0.00836,-0.00192,0.00725,
COM-006,Labor,Conversion,Labor,labor hour,USD,Modeled Index,2024,9,2024-09-01,104.98,25.1956,0.00305,0.00814,0.00738,
COM-006,Labor,Conversion,Labor,labor hour,USD,Modeled Index,2024,10,2024-10-01,105.48,25.3154,0.00475,0.00735,0.00592,
COM-006,Labor,Conversion,Labor,labor hour,USD,Modeled Index,2024,11,2024-11-01,104.91,25.1774,-0.00545,0.002,0.00648,
COM-006,Labor,Conversion,Labor,labor hour,USD,Modeled Index,2024,12,2024-12-01,105.21,25.2502,0.00289,-0.00248,0.0055,
COM-006,Labor,Conversion,Labor,labor hour,USD,Modeled Index,2025,1,2025-01-01,105.43,25.3038,0.00212,-0.00579,0.00537,
COM-006,Labor,Conversion,Labor,labor hour,USD,Modeled Index,2025,2,2025-02-01,104.64,25.1131,-0.00754,-0.01434,0.00512,
COM-006,Labor,Conversion,Labor,labor hour,USD,Modeled Index,2025,3,2025-03-01,105.11,25.227,0.00453,-0.00474,0.00533,
COM-006,Labor,Conversion,Labor,labor hour,USD,Modeled Index,2025,4,2025-04-01,105.76,25.3825,0.00617,0.01205,0.0056,
COM-006,Labor,Conversion,Labor,labor hour,USD,Modeled Index,2025,5,2025-05-01,106.86,25.6457,0.01037,0.02453,0.00597,
COM-006,Labor,Conversion,Labor,labor hour,USD,Modeled Index,2025,6,2025-06-01,107.94,25.9055,0.01013,0.02614,0.00662,
COM-006,Labor,Conversion,Labor,labor hour,USD,Modeled Index,2025,7,2025-07-01,106.92,25.6614,-0.00942,0.01305,0.00872,
COM-006,Labor,Conversion,Labor,labor hour,USD,Modeled Index,2025,8,2025-08-01,106.29,25.5103,-0.00589,0.01558,0.00837,
COM-006,Labor,Conversion,Labor,labor hour,USD,Modeled Index,2025,9,2025-09-01,106.91,25.6582,0.0058,0.01836,0.00844,
COM-006,Labor,Conversion,Labor,labor hour,USD,Modeled Index,2025,10,2025-10-01,107.53,25.8067,0.00579,0.01941,0.00841,
COM-006,Labor,Conversion,Labor,labor hour,USD,Modeled Index,2025,11,2025-11-01,108.15,25.9564,0.0058,0.03094,0.00777,
COM-006,Labor,Conversion,Labor,labor hour,USD,Modeled Index,2025,12,2025-12-01,111.68,26.8037,0.03264,0.06152,0.01476,
COM-007,Overhead,Overhead,Overhead,unit,USD,Modeled Index,2023,1,2023-01-01,100.0,0.4,,,,
COM-007,Overhead,Overhead,Overhead,unit,USD,Modeled Index,2023,2,2023-02-01,100.43,0.4017,0.00427,,,
COM-007,Overhead,Overhead,Overhead,unit,USD,Modeled Index,2023,3,2023-03-01,101.17,0.4047,0.00743,,,
COM-007,Overhead,Overhead,Overhead,unit,USD,Modeled Index,2023,4,2023-04-01,101.82,0.4073,0.00641,,,
COM-007,Overhead,Overhead,Overhead,unit,USD,Modeled Index,2023,5,2023-05-01,102.3,0.4092,0.00472,,,
COM-007,Overhead,Overhead,Overhead,unit,USD,Modeled Index,2023,6,2023-06-01,102.23,0.4089,-0.00068,,,
COM-007,Overhead,Overhead,Overhead,unit,USD,Modeled Index,2023,7,2023-07-01,102.78,0.4111,0.00532,,0.00282,
COM-007,Overhead,Overhead,Overhead,unit,USD,Modeled Index,2023,8,2023-08-01,102.44,0.4098,-0.00324,,0.00428,
COM-007,Overhead,Overhead,Overhead,unit,USD,Modeled Index,2023,9,2023-09-01,102.42,0.4097,-0.00024,,0.00394,
COM-007,Overhead,Overhead,Overhead,unit,USD,Modeled Index,2023,10,2023-10-01,102.25,0.409,-0.00163,,0.0035,
COM-007,Overhead,Overhead,Overhead,unit,USD,Modeled Index,2023,11,2023-11-01,102.41,0.4096,0.00154,,0.00297,
COM-007,Overhead,Overhead,Overhead,unit,USD,Modeled Index,2023,12,2023-12-01,103.84,0.4154,0.01402,,0.00631,
COM-007,Overhead,Overhead,Overhead,unit,USD,Modeled Index,2024,1,2024-01-01,102.87,0.4115,-0.00936,0.02873,0.00774,
COM-007,Overhead,Overhead,Overhead,unit,USD,Modeled Index,2024,2,2024-02-01,103.38,0.4135,0.00492,0.02939,0.00774,
COM-007,Overhead,Overhead,Overhead,unit,USD,Modeled Index,2024,3,2024-03-01,102.56,0.4102,-0.00794,0.01369,0.00867,
COM-007,Overhead,Overhead,Overhead,unit,USD,Modeled Index,2024,4,2024-04-01,102.4,0.4096,-0.00156,0.00566,0.00867,
COM-007,Overhead,Overhead,Overhead,unit,USD,Modeled Index,2024,5,2024-05-01,103.13,0.4125,0.00717,0.00811,0.00913,
COM-007,Overhead,Overhead,Overhead,unit,USD,Modeled Index,2024,6,2024-06-01,103.28,0.4131,0.00144,0.01025,0.00672,
COM-007,Overhead,Overhead,Overhead,unit,USD,Modeled Index,2024,7,2024-07-01,102.77,0.4111,-0.00495,-7e-05,0.00579,
COM-007,Overhead,Overhead,Overhead,unit,USD,Modeled Index,2024,8,2024-08-01,102.47,0.4099,-0.00292,0.00025,0.00527,
COM-007,Overhead,Overhead,Overhead,unit,USD,Modeled Index,2024,9,2024-09-01,102.97,0.4119,0.00488,0.00538,0.00469,
COM-007,Overhead,Overhead,Overhead,unit,USD,Modeled Index,2024,10,2024-10-01,102.66,0.4106,-0.003,0.004,0.00486,
COM-007,Overhead,Overhead,Overhead,unit,USD,Modeled Index,2024,11,2024-11-01,102.9,0.4116,0.00229,0.00475,0.0038,
COM-007,Overhead,Overhead,Overhead,unit,USD,Modeled Index,2024,12,2024-12-01,103.03,0.4121,0.00133,-0.00782,0.00379,
COM-007,Overhead,Overhead,Overhead,unit,USD,Modeled Index,2025,1,2025-01-01,102.77,0.4111,-0.00256,-0.00101,0.00331,
COM-007,Overhead,Overhead,Overhead,unit,USD,Modeled Index,2025,2,2025-02-01,104.11,0.4164,0.01307,0.00709,0.00591,
COM-007,Overhead,Overhead,Overhead,unit,USD,Modeled Index,2025,3,2025-03-01,104.59,0.4184,0.00462,0.01984,0.00589,
COM-007,Overhead,Overhead,Overhead,unit,USD,Modeled Index,2025,4,2025-04-01,103.52,0.4141,-0.01024,0.01097,0.00773,
COM-007,Overhead,Overhead,Overhead,unit,USD,Modeled Index,2025,5,2025-05-01,103.74,0.415,0.00212,0.00591,0.00772,
COM-007,Overhead,Overhead,Overhead,unit,USD,Modeled Index,2025,6,2025-06-01,103.47,0.4139,-0.00262,0.00183,0.0079,
COM-007,Overhead,Overhead,Overhead,unit,USD,Modeled Index,2025,7,2025-07-01,104.07,0.4163,0.00585,0.01269,0.00794,
COM-007,Overhead,Overhead,Overhead,unit,USD,Modeled Index,2025,8,2025-08-01,103.73,0.4149,-0.00335,0.01225,0.00601,
COM-007,Overhead,Overhead,Overhead,unit,USD,Modeled Index,2025,9,2025-09-01,103.77,0.4151,0.00044,0.00778,0.00551,
COM-007,Overhead,Overhead,Overhead,unit,USD,Modeled Index,2025,10,2025-10-01,104.18,0.4167,0.0039,0.01476,0.00362,
COM-007,Overhead,Overhead,Overhead,unit,USD,Modeled Index,2025,11,2025-11-01,104.79,0.4192,0.00592,0.01844,0.00414,
COM-007,Overhead,Overhead,Overhead,unit,USD,Modeled Index,2025,12,2025-12-01,104.2,0.4168,-0.00563,0.01135,0.00488,
COM-008,Packaging,Petrochemical,Packaging,lb,USD,Modeled Index,2023,1,2023-01-01,100.0,0.95,,,,
COM-008,Packaging,Petrochemical,Packaging,lb,USD,Modeled Index,2023,2,2023-02-01,99.87,0.9488,-0.00126,,,
COM-008,Packaging,Petrochemical,Packaging,lb,USD,Modeled Index,2023,3,2023-03-01,99.54,0.9457,-0.00331,,,
COM-008,Packaging,Petrochemical,Packaging,lb,USD,Modeled Index,2023,4,2023-04-01,98.96,0.9401,-0.0059,,,
COM-008,Packaging,Petrochemical,Packaging,lb,USD,Modeled Index,2023,5,2023-05-01,101.85,0.9676,0.02927,,,
COM-008,Packaging,Petrochemical,Packaging,lb,USD,Modeled Index,2023,6,2023-06-01,102.82,0.9768,0.00949,,,
COM-008,Packaging,Petrochemical,Packaging,lb,USD,Modeled Index,2023,7,2023-07-01,101.3,0.9624,-0.01473,,0.01536,
COM-008,Packaging,Petrochemical,Packaging,lb,USD,Modeled Index,2023,8,2023-08-01,103.02,0.9787,0.01694,,0.0163,
COM-008,Packaging,Petrochemical,Packaging,lb,USD,Modeled Index,2023,9,2023-09-01,106.57,1.0124,0.03445,,0.01932,
COM-008,Packaging,Petrochemical,Packaging,lb,USD,Modeled Index,2023,10,2023-10-01,108.55,1.0313,0.01861,,0.01738,
COM-008,Packaging,Petrochemical,Packaging,lb,USD,Modeled Index,2023,11,2023-11-01,106.55,1.0122,-0.01849,,0.02056,
COM-008,Packaging,Petrochemical,Packaging,lb,USD,Modeled Index,2023,12,2023-12-01,106.18,1.0087,-0.00344,,0.02101,
COM-008,Packaging,Petrochemical,Packaging,lb,USD,Modeled Index,2024,1,2024-01-01,108.52,1.0309,0.02202,0.08518,0.01918,
COM-008,Packaging,Petrochemical,Packaging,lb,USD,Modeled Index,2024,2,2024-02-01,107.79,1.024,-0.00669,0.07928,0.02028,
COM-008,Packaging,Petrochemical,Packaging,lb,USD,Modeled Index,2024,3,2024-03-01,108.88,1.0343,0.01005,0.09375,0.01581,
COM-008,Packaging,Petrochemical,Packaging,lb,USD,Modeled Index,2024,4,2024-04-01,110.49,1.0497,0.01486,0.11659,0.01516,
COM-008,Packaging,Petrochemical,Packaging,lb,USD,Modeled Index,2024,5,2024-05-01,109.4,1.0393,-0.00988,0.07412,0.01296,
COM-008,Packaging,Petrochemical,Packaging,lb,USD,Modeled Index,2024,6,2024-06-01,109.7,1.0422,0.00273,0.06694,0.01244,
COM-008,Packaging,Petrochemical,Packaging,lb,USD,Modeled Index,2024,7,2024-07-01,104.93,0.9968,-0.04353,0.03576,0.02093,
COM-008,Packaging,Petrochemical,Packaging,lb,USD,Modeled Index,2024,8,2024-08-01,103.74,0.9855,-0.01129,0.00699,0.02107,
COM-008,Packaging,Petrochemical,Packaging,lb,USD,Modeled Index,2024,9,2024-09-01,103.73,0.9855,-7e-05,-0.02662,0.01989,
COM-008,Packaging,Petrochemical,Packaging,lb,USD,Modeled Index,2024,10,2024-10-01,102.23,0.9711,-0.01454,-0.0583,0.0165,
COM-008,Packaging,Petrochemical,Packaging,lb,USD,Modeled Index,2024,11,2024-11-01,105.02,0.9977,0.02733,-0.01433,0.02337,
COM-008,Packaging,Petrochemical,Packaging,lb,USD,Modeled Index,2024,12,2024-12-01,103.21,0.9805,-0.01719,-0.02793,0.0232,
COM-008,Packaging,Petrochemical,Packaging,lb,USD,Modeled Index,2025,1,2025-01-01,102.92,0.9778,-0.0028,-0.05154,0.01632,
COM-008,Packaging,Petrochemical,Packaging,lb,USD,Modeled Index,2025,2,2025-02-01,103.49,0.9832,0.0055,-0.0399,0.01607,
COM-008,Packaging,Petrochemical,Packaging,lb,USD,Modeled Index,2025,3,2025-03-01,106.03,1.0073,0.02455,-0.02611,0.01902,
COM-008,Packaging,Petrochemical,Packaging,lb,USD,Modeled Index,2025,4,2025-04-01,104.2,0.9899,-0.01728,-0.05696,0.01957,
COM-008,Packaging,Petrochemical,Packaging,lb,USD,Modeled Index,2025,5,2025-05-01,106.34,1.0102,0.02051,-0.02801,0.01804,
COM-008,Packaging,Petrochemical,Packaging,lb,USD,Modeled Index,2025,6,2025-06-01,106.74,1.014,0.00375,-0.02703,0.01535,
COM-008,Packaging,Petrochemical,Packaging,lb,USD,Modeled Index,2025,7,2025-07-01,105.6,1.0032,-0.01067,0.00639,0.01652,
COM-008,Packaging,Petrochemical,Packaging,lb,USD,Modeled Index,2025,8,2025-08-01,106.69,1.0135,0.01032,0.02839,0.0167,
COM-008,Packaging,Petrochemical,Packaging,lb,USD,Modeled Index,2025,9,2025-09-01,107.38,1.0201,0.00649,0.03515,0.01391,
COM-008,Packaging,Petrochemical,Packaging,lb,USD,Modeled Index,2025,10,2025-10-01,106.83,1.0149,-0.00513,0.04504,0.01111,
COM-008,Packaging,Petrochemical,Packaging,lb,USD,Modeled Index,2025,11,2025-11-01,107.32,1.0196,0.00461,0.02192,0.00787,
COM-008,Packaging,Petrochemical,Packaging,lb,USD,Modeled Index,2025,12,2025-12-01,107.11,1.0175,-0.002,0.03772,0.0079,
COM-009,Pulp,Fiber,Pulp,lb,USD,Modeled Index,2023,1,2023-01-01,100.0,1.05,,,,
COM-009,Pulp,Fiber,Pulp,lb,USD,Modeled Index,2023,2,2023-02-01,100.43,1.0545,0.00426,,,
COM-009,Pulp,Fiber,Pulp,lb,USD,Modeled Index,2023,3,2023-03-01,102.49,1.0762,0.02057,,,
COM-009,Pulp,Fiber,Pulp,lb,USD,Modeled Index,2023,4,2023-04-01,107.41,1.1279,0.04804,,,
COM-009,Pulp,Fiber,Pulp,lb,USD,Modeled Index,2023,5,2023-05-01,103.56,1.0873,-0.03592,,,
COM-009,Pulp,Fiber,Pulp,lb,USD,Modeled Index,2023,6,2023-06-01,110.21,1.1573,0.0643,,,
COM-009,Pulp,Fiber,Pulp,lb,USD,Modeled Index,2023,7,2023-07-01,103.92,1.0911,-0.05716,,0.04715,
COM-009,Pulp,Fiber,Pulp,lb,USD,Modeled Index,2023,8,2023-08-01,103.54,1.0871,-0.00363,,0.04736,
COM-009,Pulp,Fiber,Pulp,lb,USD,Modeled Index,2023,9,2023-09-01,105.44,1.1071,0.01837,,0.04724,
COM-009,Pulp,Fiber,Pulp,lb,USD,Modeled Index,2023,10,2023-10-01,106.41,1.1173,0.00924,,0.04272,
COM-009,Pulp,Fiber,Pulp,lb,USD,Modeled Index,2023,11,2023-11-01,104.54,1.0976,-0.01763,,0.04029,
COM-009,Pulp,Fiber,Pulp,lb,USD,Modeled Index,2023,12,2023-12-01,103.98,1.0918,-0.00531,,0.02652,
COM-009,Pulp,Fiber,Pulp,lb,USD,Modeled Index,2024,1,2024-01-01,102.55,1.0768,-0.01378,0.02551,0.0137,
COM-009,Pulp,Fiber,Pulp,lb,USD,Modeled Index,2024,2,2024-02-01,100.84,1.0589,-0.01664,0.00417,0.01495,
COM-009,Pulp,Fiber,Pulp,lb,USD,Modeled Index,2024,3,2024-03-01,103.48,1.0865,0.02614,0.00965,0.01744,
COM-009,Pulp,Fiber,Pulp,lb,USD,Modeled Index,2024,4,2024-04-01,104.67,1.099,0.0115,-0.02555,0.01778,
COM-009,Pulp,Fiber,Pulp,lb,USD,Modeled Index,2024,5,2024-05-01,102.61,1.0774,-0.01972,-0.00917,0.01815,
COM-009,Pulp,Fiber,Pulp,lb,USD,Modeled Index,2024,6,2024-06-01,105.44,1.1071,0.02763,-0.04332,0.02189,
COM-009,Pulp,Fiber,Pulp,lb,USD,Modeled Index,2024,7,2024-07-01,106.5,1.1182,0.01002,0.02485,0.02046,
COM-009,Pulp,Fiber,Pulp,lb,USD,Modeled Index,2024,8,2024-08-01,109.16,1.1462,0.02505,0.05435,0.01796,
COM-009,Pulp,Fiber,Pulp,lb,USD,Modeled Index,2024,9,2024-09-01,111.3,1.1687,0.0196,0.05562,0.01722,
COM-009,Pulp,Fiber,Pulp,lb,USD,Modeled Index,2024,10,2024-10-01,108.66,1.1409,-0.02377,0.0211,0.02271,
COM-009,Pulp,Fiber,Pulp,lb,USD,Modeled Index,2024,11,2024-11-01,106.95,1.1229,-0.01577,0.02303,0.02184,
COM-009,Pulp,Fiber,Pulp,lb,USD,Modeled Index,2024,12,2024-12-01,109.42,1.1489,0.0231,0.05225,0.02105,
COM-009,Pulp,Fiber,Pulp,lb,USD,Modeled Index,2025,1,2025-01-01,111.5,1.1707,0.01903,0.08725,0.02168,
COM-009,Pulp,Fiber,Pulp,lb,USD,Modeled Index,2025,2,2025-02-01,111.53,1.171,0.00026,0.10594,0.02005,
COM-009,Pulp,Fiber,Pulp,lb,USD,Modeled Index,2025,3,2025-03-01,112.01,1.1762,0.00437,0.08247,0.01855,
COM-009,Pulp,Fiber,Pulp,lb,USD,Modeled Index,2025,4,2025-04-01,116.37,1.2219,0.03887,0.11176,0.01929,
COM-009,Pulp,Fiber,Pulp,lb,USD,Modeled Index,2025,5,2025-05-01,114.42,1.2015,-0.01671,0.11518,0.01956,
COM-009,Pulp,Fiber,Pulp,lb,USD,Modeled Index,2025,6,2025-06-01,116.39,1.2221,0.01715,0.10381,0.019,
COM-009,Pulp,Fiber,Pulp,lb,USD,Modeled Index,2025,7,2025-07-01,115.79,1.2158,-0.00513,0.08725,0.01938,
COM-009,Pulp,Fiber,Pulp,lb,USD,Modeled Index,2025,8,2025-08-01,115.14,1.209,-0.00559,0.05475,0.0199,
COM-009,Pulp,Fiber,Pulp,lb,USD,Modeled Index,2025,9,2025-09-01,119.01,1.2496,0.03355,0.06918,0.02291,
COM-009,Pulp,Fiber,Pulp,lb,USD,Modeled Index,2025,10,2025-10-01,122.03,1.2813,0.02542,0.12305,0.02004,
COM-009,Pulp,Fiber,Pulp,lb,USD,Modeled Index,2025,11,2025-11-01,125.09,1.3134,0.02507,0.16966,0.01666,
COM-009,Pulp,Fiber,Pulp,lb,USD,Modeled Index,2025,12,2025-12-01,130.06,1.3656,0.0397,0.18863,0.01952,
COM-010,Quality Testing,Quality & Regulatory,Quality Testing,labor hour,USD,Modeled Index,2023,1,2023-01-01,100.0,35.0,,,,
COM-010,Quality Testing,Quality & Regulatory,Quality Testing,labor hour,USD,Modeled Index,2023,2,2023-02-01,100.35,35.123,0.00351,,,
COM-010,Quality Testing,Quality & Regulatory,Quality Testing,labor hour,USD,Modeled Index,2023,3,2023-03-01,100.97,35.3404,0.00619,,,
COM-010,Quality Testing,Quality & Regulatory,Quality Testing,labor hour,USD,Modeled Index,2023,4,2023-04-01,101.19,35.4172,0.00217,,,
COM-010,Quality Testing,Quality & Regulatory,Quality Testing,labor hour,USD,Modeled Index,2023,5,2023-05-01,101.67,35.5851,0.00474,,,
COM-010,Quality Testing,Quality & Regulatory,Quality Testing,labor hour,USD,Modeled Index,2023,6,2023-06-01,101.97,35.6883,0.0029,,,
COM-010,Quality Testing,Quality & Regulatory,Quality Testing,labor hour,USD,Modeled Index,2023,7,2023-07-01,102.36,35.8247,0.00382,,0.00142,
COM-010,Quality Testing,Quality & Regulatory,Quality Testing,labor hour,USD,Modeled Index,2023,8,2023-08-01,102.95,36.0339,0.00584,,0.0016,
COM-010,Quality Testing,Quality & Regulatory,Quality Testing,labor hour,USD,Modeled Index,2023,9,2023-09-01,102.97,36.038,0.00011,,0.00202,
COM-010,Quality Testing,Quality & Regulatory,Quality Testing,labor hour,USD,Modeled Index,2023,10,2023-10-01,104.19,36.4671,0.01191,,0.00395,
COM-010,Quality Testing,Quality & Regulatory,Quality Testing,labor hour,USD,Modeled Index,2023,11,2023-11-01,104.12,36.4434,-0.00065,,0.00456,
COM-010,Quality Testing,Quality & Regulatory,Quality Testing,labor hour,USD,Modeled Index,2023,12,2023-12-01,103.97,36.3891,-0.00149,,0.00509,
COM-010,Quality Testing,Quality & Regulatory,Quality Testing,labor hour,USD,Modeled Index,2024,1,2024-01-01,104.81,36.6846,0.00812,0.04813,0.00547,
COM-010,Quality Testing,Quality & Regulatory,Quality Testing,labor hour,USD,Modeled Index,2024,2,2024-02-01,105.51,36.928,0.00664,0.05139,0.00554,
COM-010,Quality Testing,Quality & Regulatory,Quality Testing,labor hour,USD,Modeled Index,2024,3,2024-03-01,106.14,37.148,0.00596,0.05115,0.0052,
COM-010,Quality Testing,Quality & Regulatory,Quality Testing,labor hour,USD,Modeled Index,2024,4,2024-04-01,106.77,37.37,0.00597,0.05514,0.00408,
COM-010,Quality Testing,Quality & Regulatory,Quality Testing,labor hour,USD,Modeled Index,2024,5,2024-05-01,107.13,37.4962,0.00338,0.05371,0.00343,
COM-010,Quality Testing,Quality & Regulatory,Quality Testing,labor hour,USD,Modeled Index,2024,6,2024-06-01,107.11,37.4885,-0.00021,0.05044,0.00297,
COM-010,Quality Testing,Quality & Regulatory,Quality Testing,labor hour,USD,Modeled Index,2024,7,2024-07-01,107.51,37.6285,0.00374,0.05035,0.00255,
COM-010,Quality Testing,Quality & Regulatory,Quality Testing,labor hour,USD,Modeled Index,2024,8,2024-08-01,107.58,37.6542,0.00068,0.04497,0.00259,
COM-010,Quality Testing,Quality & Regulatory,Quality Testing,labor hour,USD,Modeled Index,2024,9,2024-09-01,108.38,37.9321,0.00738,0.05256,0.00293,
COM-010,Quality Testing,Quality & Regulatory,Quality Testing,labor hour,USD,Modeled Index,2024,10,2024-10-01,108.68,38.0396,0.00283,0.04312,0.00267,
COM-010,Quality Testing,Quality & Regulatory,Quality Testing,labor hour,USD,Modeled Index,2024,11,2024-11-01,108.69,38.0427,8e-05,0.04388,0.00289,
COM-010,Quality Testing,Quality & Regulatory,Quality Testing,labor hour,USD,Modeled Index,2024,12,2024-12-01,108.92,38.1236,0.00213,0.04767,0.00261,
COM-010,Quality Testing,Quality & Regulatory,Quality Testing,labor hour,USD,Modeled Index,2025,1,2025-01-01,109.48,38.3181,0.0051,0.04453,0.00277,
COM-010,Quality Testing,Quality & Regulatory,Quality Testing,labor hour,USD,Modeled Index,2025,2,2025-02-01,109.61,38.3619,0.00114,0.03883,0.00269,
COM-010,Quality Testing,Quality & Regulatory,Quality Testing,labor hour,USD,Modeled Index,2025,3,2025-03-01,109.62,38.3656,0.0001,0.03278,0.00191,
COM-010,Quality Testing,Quality & Regulatory,Quality Testing,labor hour,USD,Modeled Index,2025,4,2025-04-01,110.1,38.535,0.00442,0.03118,0.00216,
COM-010,Quality Testing,Quality & Regulatory,Quality Testing,labor hour,USD,Modeled Index,2025,5,2025-05-01,110.59,38.7054,0.00442,0.03225,0.00205,
COM-010,Quality Testing,Quality & Regulatory,Quality Testing,labor hour,USD,Modeled Index,2025,6,2025-06-01,110.74,38.7586,0.00137,0.03388,0.00213,
COM-010,Quality Testing,Quality & Regulatory,Quality Testing,labor hour,USD,Modeled Index,2025,7,2025-07-01,110.91,38.8175,0.00152,0.0316,0.00182,
COM-010,Quality Testing,Quality & Regulatory,Quality Testing,labor hour,USD,Modeled Index,2025,8,2025-08-01,111.39,38.9871,0.00437,0.0354,0.00193,
COM-010,Quality Testing,Quality & Regulatory,Quality Testing,labor hour,USD,Modeled Index,2025,9,2025-09-01,111.12,38.892,-0.00244,0.0253,0.00273,
COM-010,Quality Testing,Quality & Regulatory,Quality Testing,labor hour,USD,Modeled Index,2025,10,2025-10-01,110.87,38.8035,-0.00227,0.02008,0.00303,
COM-010,Quality Testing,Quality & Regulatory,Quality Testing,labor hour,USD,Modeled Index,2025,11,2025-11-01,110.92,38.8236,0.00052,0.02053,0.00257,
COM-010,Quality Testing,Quality & Regulatory,Quality Testing,labor hour,USD,Modeled Index,2025,12,2025-12-01,111.21,38.9231,0.00256,0.02097,0.0027,
COM-011,Raw Materials,Agri & Inputs,Raw Materials,lb,USD,Modeled Index,2023,1,2023-01-01,100.0,1.1,,,,
COM-011,Raw Materials,Agri & Inputs,Raw Materials,lb,USD,Modeled Index,2023,2,2023-02-01,100.93,1.1102,0.00932,,,
COM-011,Raw Materials,Agri & Inputs,Raw Materials,lb,USD,Modeled Index,2023,3,2023-03-01,103.8,1.1418,0.02839,,,
COM-011,Raw Materials,Agri & Inputs,Raw Materials,lb,USD,Modeled Index,2023,4,2023-04-01,105.69,1.1626,0.01827,,,
COM-011,Raw Materials,Agri & Inputs,Raw Materials,lb,USD,Modeled Index,2023,5,2023-05-01,105.86,1.1645,0.0016,,,
COM-011,Raw Materials,Agri & Inputs,Raw Materials,lb,USD,Modeled Index,2023,6,2023-06-01,106.28,1.169,0.00391,,,
COM-011,Raw Materials,Agri & Inputs,Raw Materials,lb,USD,Modeled Index,2023,7,2023-07-01,104.98,1.1548,-0.0122,,0.01406,
COM-011,Raw Materials,Agri & Inputs,Raw Materials,lb,USD,Modeled Index,2023,8,2023-08-01,105.71,1.1628,0.00692,,0.01405,
COM-011,Raw Materials,Agri & Inputs,Raw Materials,lb,USD,Modeled Index,2023,9,2023-09-01,105.97,1.1657,0.0025,,0.00981,
COM-011,Raw Materials,Agri & Inputs,Raw Materials,lb,USD,Modeled Index,2023,10,2023-10-01,106.98,1.1768,0.00951,,0.00757,
COM-011,Raw Materials,Agri & Inputs,Raw Materials,lb,USD,Modeled Index,2023,11,2023-11-01,105.98,1.1658,-0.00932,,0.00889,
COM-011,Raw Materials,Agri & Inputs,Raw Materials,lb,USD,Modeled Index,2023,12,2023-12-01,107.33,1.1806,0.01273,,0.01025,
COM-011,Raw Materials,Agri & Inputs,Raw Materials,lb,USD,Modeled Index,2024,1,2024-01-01,110.48,1.2153,0.02933,0.10477,0.01272,
COM-011,Raw Materials,Agri & Inputs,Raw Materials,lb,USD,Modeled Index,2024,2,2024-02-01,110.75,1.2182,0.00244,0.09725,0.01297,
COM-011,Raw Materials,Agri & Inputs,Raw Materials,lb,USD,Modeled Index,2024,3,2024-03-01,111.94,1.2314,0.0108,0.07849,0.01272,
COM-011,Raw Materials,Agri & Inputs,Raw Materials,lb,USD,Modeled Index,2024,4,2024-04-01,113.68,1.2505,0.01553,0.07558,0.01298,
COM-011,Raw Materials,Agri & Inputs,Raw Materials,lb,USD,Modeled Index,2024,5,2024-05-01,113.41,1.2476,-0.00235,0.07134,0.01104,
COM-011,Raw Materials,Agri & Inputs,Raw Materials,lb,USD,Modeled Index,2024,6,2024-06-01,114.31,1.2574,0.00789,0.07559,0.0111,
COM-011,Raw Materials,Agri & Inputs,Raw Materials,lb,USD,Modeled Index,2024,7,2024-07-01,114.82,1.263,0.00443,0.09369,0.00634,
COM-011,Raw Materials,Agri & Inputs,Raw Materials,lb,USD,Modeled Index,2024,8,2024-08-01,115.83,1.2741,0.00882,0.09576,0.00606,
COM-011,Raw Materials,Agri & Inputs,Raw Materials,lb,USD,Modeled Index,2024,9,2024-09-01,115.2,1.2672,-0.00544,0.08709,0.0077,
COM-011,Raw Materials,Agri & Inputs,Raw Materials,lb,USD,Modeled Index,2024,10,2024-10-01,115.73,1.2731,0.00462,0.08183,0.0057,
COM-011,Raw Materials,Agri & Inputs,Raw Materials,lb,USD,Modeled Index,2024,11,2024-11-01,117.16,1.2888,0.01238,0.10553,0.00609,
COM-011,Raw Materials,Agri & Inputs,Raw Materials,lb,USD,Modeled Index,2024,12,2024-12-01,120.44,1.3249,0.02799,0.12219,0.01114,
COM-011,Raw Materials,Agri & Inputs,Raw Materials,lb,USD,Modeled Index,2025,1,2025-01-01,122.85,1.3513,0.01993,0.11195,0.0117,
COM-011,Raw Materials,Agri & Inputs,Raw Materials,lb,USD,Modeled Index,2025,2,2025-02-01,127.7,1.4047,0.03949,0.15304,0.0162,
COM-011,Raw Materials,Agri & Inputs,Raw Materials,lb,USD,Modeled Index,2025,3,2025-03-01,126.63,1.3929,-0.00834,0.1312,0.01701,
COM-011,Raw Materials,Agri & Inputs,Raw Materials,lb,USD,Modeled Index,2025,4,2025-04-01,128.97,1.4187,0.01851,0.13452,0.01607,
COM-011,Raw Materials,Agri & Inputs,Raw Materials,lb,USD,Modeled Index,2025,5,2025-05-01,129.91,1.429,0.00723,0.14541,0.01658,
COM-011,Raw Materials,Agri & Inputs,Raw Materials,lb,USD,Modeled Index,2025,6,2025-06-01,135.11,1.4863,0.04009,0.182,0.01871,
COM-011,Raw Materials,Agri & Inputs,Raw Materials,lb,USD,Modeled Index,2025,7,2025-07-01,133.9,1.4729,-0.00901,0.16618,0.02201,
COM-011,Raw Materials,Agri & Inputs,Raw Materials,lb,USD,Modeled Index,2025,8,2025-08-01,133.02,1.4632,-0.00653,0.14843,0.01951,
COM-011,Raw Materials,Agri & Inputs,Raw Materials,lb,USD,Modeled Index,2025,9,2025-09-01,132.68,1.4594,-0.00259,0.15171,0.01873,
COM-011,Raw Materials,Agri & Inputs,Raw Materials,lb,USD,Modeled Index,2025,10,2025-10-01,128.62,1.4148,-0.03056,0.11138,0.02334,
COM-011,Raw Materials,Agri & Inputs,Raw Materials,lb,USD,Modeled Index,2025,11,2025-11-01,128.06,1.4086,-0.00439,0.09297,0.02308,
COM-011,Raw Materials,Agri & Inputs,Raw Materials,lb,USD,Modeled Index,2025,12,2025-12-01,127.01,1.3971,-0.00821,0.05448,0.01025,
COM-012,Resin,Petrochemical,Resin,lb,USD,Modeled Index,2023,1,2023-01-01,100.0,1.55,,,,
COM-012,Resin,Petrochemical,Resin,lb,USD,Modeled Index,2023,2,2023-02-01,100.42,1.5565,0.0042,,,
COM-012,Resin,Petrochemical,Resin,lb,USD,Modeled Index,2023,3,2023-03-01,101.21,1.5687,0.00782,,,
COM-012,Resin,Petrochemical,Resin,lb,USD,Modeled Index,2023,4,2023-04-01,104.93,1.6264,0.0368,,,
COM-012,Resin,Petrochemical,Resin,lb,USD,Modeled Index,2023,5,2023-05-01,106.96,1.6578,0.01931,,,
COM-012,Resin,Petrochemical,Resin,lb,USD,Modeled Index,2023,6,2023-06-01,105.94,1.642,-0.00953,,,
COM-012,Resin,Petrochemical,Resin,lb,USD,Modeled Index,2023,7,2023-07-01,104.28,1.6164,-0.01561,,0.01914,
COM-012,Resin,Petrochemical,Resin,lb,USD,Modeled Index,2023,8,2023-08-01,105.39,1.6336,0.01065,,0.01912,
COM-012,Resin,Petrochemical,Resin,lb,USD,Modeled Index,2023,9,2023-09-01,102.91,1.5951,-0.02357,,0.02314,
COM-012,Resin,Petrochemical,Resin,lb,USD,Modeled Index,2023,10,2023-10-01,106.61,1.6524,0.03595,,0.02289,
COM-012,Resin,Petrochemical,Resin,lb,USD,Modeled Index,2023,11,2023-11-01,109.13,1.6915,0.02364,,0.02357,
COM-012,Resin,Petrochemical,Resin,lb,USD,Modeled Index,2023,12,2023-12-01,108.31,1.6788,-0.0075,,0.02336,
COM-012,Resin,Petrochemical,Resin,lb,USD,Modeled Index,2024,1,2024-01-01,104.95,1.6268,-0.03099,0.04952,0.02656,
COM-012,Resin,Petrochemical,Resin,lb,USD,Modeled Index,2024,2,2024-02-01,107.78,1.6706,0.02693,0.07328,0.02846,
COM-012,Resin,Petrochemical,Resin,lb,USD,Modeled Index,2024,3,2024-03-01,107.69,1.6692,-0.0008,0.0641,0.02539,
COM-012,Resin,Petrochemical,Resin,lb,USD,Modeled Index,2024,4,2024-04-01,110.36,1.7105,0.02474,0.05173,0.02323,
COM-012,Resin,Petrochemical,Resin,lb,USD,Modeled Index,2024,5,2024-05-01,107.18,1.6613,-0.02875,0.00214,0.02505,
COM-012,Resin,Petrochemical,Resin,lb,USD,Modeled Index,2024,6,2024-06-01,106.12,1.6448,-0.00996,0.00171,0.02516,
COM-012,Resin,Petrochemical,Resin,lb,USD,Modeled Index,2024,7,2024-07-01,106.27,1.6472,0.00146,0.01907,0.02114,
COM-012,Resin,Petrochemical,Resin,lb,USD,Modeled Index,2024,8,2024-08-01,106.51,1.6509,0.00225,0.0106,0.01747,
COM-012,Resin,Petrochemical,Resin,lb,USD,Modeled Index,2024,9,2024-09-01,105.75,1.6391,-0.00714,0.02761,0.01758,
COM-012,Resin,Petrochemical,Resin,lb,USD,Modeled Index,2024,10,2024-10-01,107.14,1.6606,0.01312,0.00497,0.01425,
COM-012,Resin,Petrochemical,Resin,lb,USD,Modeled Index,2024,11,2024-11-01,105.12,1.6294,-0.0188,-0.0367,0.01116,
COM-012,Resin,Petrochemical,Resin,lb,USD,Modeled Index,2024,12,2024-12-01,104.98,1.6272,-0.00133,-0.03071,0.01065,
COM-012,Resin,Petrochemical,Resin,lb,USD,Modeled Index,2025,1,2025-01-01,105.36,1.6332,0.00363,0.00393,0.01082,
COM-012,Resin,Petrochemical,Resin,lb,USD,Modeled Index,2025,2,2025-02-01,106.53,1.6512,0.01108,-0.01157,0.01195,
COM-012,Resin,Petrochemical,Resin,lb,USD,Modeled Index,2025,3,2025-03-01,108.11,1.6757,0.0148,0.00387,0.01263,
COM-012,Resin,Petrochemical,Resin,lb,USD,Modeled Index,2025,4,2025-04-01,105.96,1.6424,-0.01988,-0.03984,0.01475,
COM-012,Resin,Petrochemical,Resin,lb,USD,Modeled Index,2025,5,2025-05-01,103.03,1.597,-0.02761,-0.03872,0.01704,
COM-012,Resin,Petrochemical,Resin,lb,USD,Modeled Index,2025,6,2025-06-01,105.66,1.6377,0.02549,-0.0043,0.02075,
COM-012,Resin,Petrochemical,Resin,lb,USD,Modeled Index,2025,7,2025-07-01,106.47,1.6502,0.00764,0.00185,0.02091,
COM-012,Resin,Petrochemical,Resin,lb,USD,Modeled Index,2025,8,2025-08-01,105.11,1.6292,-0.01278,-0.01317,0.02108,
COM-012,Resin,Petrochemical,Resin,lb,USD,Modeled Index,2025,9,2025-09-01,108.33,1.6791,0.03066,0.02439,0.02436,
COM-012,Resin,Petrochemical,Resin,lb,USD,Modeled Index,2025,10,2025-10-01,108.71,1.6851,0.00355,0.01471,0.02221,
COM-012,Resin,Petrochemical,Resin,lb,USD,Modeled Index,2025,11,2025-11-01,111.28,1.7249,0.02363,0.0586,0.01651,
COM-012,Resin,Petrochemical,Resin,lb,USD,Modeled Index,2025,12,2025-12-01,111.58,1.7294,0.00264,0.0628,0.01568,
COM-013,Utilities,Overhead,Utilities,kWh,USD,Modeled Index,2023,1,2023-01-01,100.0,0.14,,,,
COM-013,Utilities,Overhead,Utilities,kWh,USD,Modeled Index,2023,2,2023-02-01,102.96,0.1441,0.02964,,,
COM-013,Utilities,Overhead,Utilities,kWh,USD,Modeled Index,2023,3,2023-03-01,105.64,0.1479,0.02596,,,
COM-013,Utilities,Overhead,Utilities,kWh,USD,Modeled Index,2023,4,2023-04-01,105.83,0.1482,0.00183,,,
COM-013,Utilities,Overhead,Utilities,kWh,USD,Modeled Index,2023,5,2023-05-01,107.58,0.1506,0.01653,,,
COM-013,Utilities,Overhead,Utilities,kWh,USD,Modeled Index,2023,6,2023-06-01,108.93,0.1525,0.0126,,,
COM-013,Utilities,Overhead,Utilities,kWh,USD,Modeled Index,2023,7,2023-07-01,111.26,0.1558,0.02131,,0.01003,
COM-013,Utilities,Overhead,Utilities,kWh,USD,Modeled Index,2023,8,2023-08-01,110.5,0.1547,-0.00679,,0.01232,
COM-013,Utilities,Overhead,Utilities,kWh,USD,Modeled Index,2023,9,2023-09-01,111.95,0.1567,0.01309,,0.01034,
COM-013,Utilities,Overhead,Utilities,kWh,USD,Modeled Index,2023,10,2023-10-01,113.91,0.1595,0.01757,,0.00992,
COM-013,Utilities,Overhead,Utilities,kWh,USD,Modeled Index,2023,11,2023-11-01,112.05,0.1569,-0.01634,,0.01497,
COM-013,Utilities,Overhead,Utilities,kWh,USD,Modeled Index,2023,12,2023-12-01,111.0,0.1554,-0.00942,,0.01596,
COM-013,Utilities,Overhead,Utilities,kWh,USD,Modeled Index,2024,1,2024-01-01,108.81,0.1523,-0.01972,0.08808,0.01545,
COM-013,Utilities,Overhead,Utilities,kWh,USD,Modeled Index,2024,2,2024-02-01,108.98,0.1526,0.00159,0.05843,0.01548,
COM-013,Utilities,Overhead,Utilities,kWh,USD,Modeled Index,2024,3,2024-03-01,110.45,0.1546,0.01347,0.04554,0.01556,
COM-013,Utilities,Overhead,Utilities,kWh,USD,Modeled Index,2024,4,2024-04-01,112.98,0.1582,0.02292,0.06755,0.017,
COM-013,Utilities,Overhead,Utilities,kWh,USD,Modeled Index,2024,5,2024-05-01,113.63,0.1591,0.00572,0.0562,0.01539,
COM-013,Utilities,Overhead,Utilities,kWh,USD,Modeled Index,2024,6,2024-06-01,116.4,0.163,0.02444,0.06855,0.01635,
COM-013,Utilities,Overhead,Utilities,kWh,USD,Modeled Index,2024,7,2024-07-01,115.03,0.161,-0.01179,0.03392,0.01378,
COM-013,Utilities,Overhead,Utilities,kWh,USD,Modeled Index,2024,8,2024-08-01,113.23,0.1585,-0.01568,0.02467,0.01713,
COM-013,Utilities,Overhead,Utilities,kWh,USD,Modeled Index,2024,9,2024-09-01,113.7,0.1592,0.00416,0.01564,0.01679,
COM-013,Utilities,Overhead,Utilities,kWh,USD,Modeled Index,2024,10,2024-10-01,114.77,0.1607,0.00945,0.00753,0.01468,
COM-013,Utilities,Overhead,Utilities,kWh,USD,Modeled Index,2024,11,2024-11-01,115.28,0.1614,0.00444,0.02882,0.01463,
COM-013,Utilities,Overhead,Utilities,kWh,USD,Modeled Index,2024,12,2024-12-01,112.97,0.1582,-0.02006,0.01776,0.0124,
COM-013,Utilities,Overhead,Utilities,kWh,USD,Modeled Index,2025,1,2025-01-01,113.39,0.1587,0.00376,0.04214,0.0123,
COM-013,Utilities,Overhead,Utilities,kWh,USD,Modeled Index,2025,2,2025-02-01,112.16,0.157,-0.01088,0.02917,0.01138,
COM-013,Utilities,Overhead,Utilities,kWh,USD,Modeled Index,2025,3,2025-03-01,113.61,0.159,0.01289,0.02859,0.01273,
COM-013,Utilities,Overhead,Utilities,kWh,USD,Modeled Index,2025,4,2025-04-01,114.66,0.1605,0.00924,0.01484,0.0127,
COM-013,Utilities,Overhead,Utilities,kWh,USD,Modeled Index,2025,5,2025-05-01,113.91,0.1595,-0.00649,0.00252,0.0127,
COM-013,Utilities,Overhead,Utilities,kWh,USD,Modeled Index,2025,6,2025-06-01,113.76,0.1593,-0.00136,-0.02272,0.00916,
COM-013,Utilities,Overhead,Utilities,kWh,USD,Modeled Index,2025,7,2025-07-01,112.86,0.158,-0.00792,-0.0189,0.00973,
COM-013,Utilities,Overhead,Utilities,kWh,USD,Modeled Index,2025,8,2025-08-01,113.32,0.1586,0.00407,0.00079,0.00845,
COM-013,Utilities,Overhead,Utilities,kWh,USD,Modeled Index,2025,9,2025-09-01,115.17,0.1612,0.01633,0.01291,0.00942,
COM-013,Utilities,Overhead,Utilities,kWh,USD,Modeled Index,2025,10,2025-10-01,114.36,0.1601,-0.00704,-0.00363,0.00936,
COM-013,Utilities,Overhead,Utilities,kWh,USD,Modeled Index,2025,11,2025-11-01,115.6,0.1618,0.0109,0.00278,0.00978,
COM-013,Utilities,Overhead,Utilities,kWh,USD,Modeled Index,2025,12,2025-12-01,115.42,0.1616,-0.00155,0.02171,0.0098,
COM-014,Warehousing,Logistics,Warehousing,shipment,USD,Modeled Index,2023,1,2023-01-01,100.0,6.5,,,,
COM-014,Warehousing,Logistics,Warehousing,shipment,USD,Modeled Index,2023,2,2023-02-01,99.55,6.4707,-0.00451,,,
COM-014,Warehousing,Logistics,Warehousing,shipment,USD,Modeled Index,2023,3,2023-03-01,99.63,6.4757,0.00077,,,
COM-014,Warehousing,Logistics,Warehousing,shipment,USD,Modeled Index,2023,4,2023-04-01,99.26,6.4519,-0.00366,,,
COM-014,Warehousing,Logistics,Warehousing,shipment,USD,Modeled Index,2023,5,2023-05-01,99.13,6.4431,-0.00136,,,
COM-014,Warehousing,Logistics,Warehousing,shipment,USD,Modeled Index,2023,6,2023-06-01,98.69,6.4145,-0.00444,,,
COM-014,Warehousing,Logistics,Warehousing,shipment,USD,Modeled Index,2023,7,2023-07-01,99.74,6.4829,0.01066,,0.0058,
COM-014,Warehousing,Logistics,Warehousing,shipment,USD,Modeled Index,2023,8,2023-08-01,99.88,6.4923,0.00145,,0.00546,
COM-014,Warehousing,Logistics,Warehousing,shipment,USD,Modeled Index,2023,9,2023-09-01,99.68,6.4789,-0.00206,,0.00557,
COM-014,Warehousing,Logistics,Warehousing,shipment,USD,Modeled Index,2023,10,2023-10-01,100.3,6.5197,0.0063,,0.0057,
COM-014,Warehousing,Logistics,Warehousing,shipment,USD,Modeled Index,2023,11,2023-11-01,100.78,6.5506,0.00474,,0.00558,
COM-014,Warehousing,Logistics,Warehousing,shipment,USD,Modeled Index,2023,12,2023-12-01,101.2,6.5783,0.00422,,0.00432,
COM-014,Warehousing,Logistics,Warehousing,shipment,USD,Modeled Index,2024,1,2024-01-01,101.43,6.5928,0.00221,0.01428,0.00296,
COM-014,Warehousing,Logistics,Warehousing,shipment,USD,Modeled Index,2024,2,2024-02-01,101.72,6.6119,0.00289,0.02182,0.00289,
COM-014,Warehousing,Logistics,Warehousing,shipment,USD,Modeled Index,2024,3,2024-03-01,101.59,6.6036,-0.00125,0.01976,0.00261,
COM-014,Warehousing,Logistics,Warehousing,shipment,USD,Modeled Index,2024,4,2024-04-01,101.44,6.5939,-0.00147,0.022,0.00268,
COM-014,Warehousing,Logistics,Warehousing,shipment,USD,Modeled Index,2024,5,2024-05-01,101.44,6.5937,-3e-05,0.02336,0.00235,
COM-014,Warehousing,Logistics,Warehousing,shipment,USD,Modeled Index,2024,6,2024-06-01,100.46,6.5296,-0.00971,0.01795,0.00452,
COM-014,Warehousing,Logistics,Warehousing,shipment,USD,Modeled Index,2024,7,2024-07-01,99.86,6.4908,-0.00595,0.00121,0.00451,
COM-014,Warehousing,Logistics,Warehousing,shipment,USD,Modeled Index,2024,8,2024-08-01,100.64,6.5414,0.0078,0.00757,0.00593,
COM-014,Warehousing,Logistics,Warehousing,shipment,USD,Modeled Index,2024,9,2024-09-01,101.56,6.6011,0.00913,0.01887,0.00743,
COM-014,Warehousing,Logistics,Warehousing,shipment,USD,Modeled Index,2024,10,2024-10-01,101.97,6.6281,0.00409,0.01663,0.00756,
COM-014,Warehousing,Logistics,Warehousing,shipment,USD,Modeled Index,2024,11,2024-11-01,102.79,6.6814,0.00803,0.01996,0.00807,
COM-014,Warehousing,Logistics,Warehousing,shipment,USD,Modeled Index,2024,12,2024-12-01,103.49,6.7266,0.00676,0.02254,0.00562,
COM-014,Warehousing,Logistics,Warehousing,shipment,USD,Modeled Index,2025,1,2025-01-01,104.93,6.8206,0.01398,0.03454,0.00327,
COM-014,Warehousing,Logistics,Warehousing,shipment,USD,Modeled Index,2025,2,2025-02-01,105.42,6.8521,0.00462,0.03633,0.0036,
COM-014,Warehousing,Logistics,Warehousing,shipment,USD,Modeled Index,2025,3,2025-03-01,105.49,6.8567,0.00067,0.03832,0.00451,
COM-014,Warehousing,Logistics,Warehousing,shipment,USD,Modeled Index,2025,4,2025-04-01,105.14,6.8342,-0.00328,0.03644,0.006,
COM-014,Warehousing,Logistics,Warehousing,shipment,USD,Modeled Index,2025,5,2025-05-01,104.47,6.7905,-0.00639,0.02985,0.00735,
COM-014,Warehousing,Logistics,Warehousing,shipment,USD,Modeled Index,2025,6,2025-06-01,104.7,6.8058,0.00225,0.04229,0.00708,
COM-014,Warehousing,Logistics,Warehousing,shipment,USD,Modeled Index,2025,7,2025-07-01,104.46,6.7899,-0.00233,0.04608,0.00402,
COM-014,Warehousing,Logistics,Warehousing,shipment,USD,Modeled Index,2025,8,2025-08-01,103.88,6.7525,-0.00551,0.03226,0.00339,
COM-014,Warehousing,Logistics,Warehousing,shipment,USD,Modeled Index,2025,9,2025-09-01,103.7,6.7403,-0.00181,0.02107,0.00307,
COM-014,Warehousing,Logistics,Warehousing,shipment,USD,Modeled Index,2025,10,2025-10-01,103.71,6.741,0.00012,0.01703,0.00328,
COM-014,Warehousing,Logistics,Warehousing,shipment,USD,Modeled Index,2025,11,2025-11-01,105.09,6.8309,0.01333,0.02238,0.00657,
COM-014,Warehousing,Logistics,Warehousing,shipment,USD,Modeled Index,2025,12,2025-12-01,106.09,6.8957,0.00949,0.02515,0.00745,
